repo,gold_kind,lexical_MRR,lexical_hit1,lexical_hit2,lexical_hit3,lexical_n,lexical_p95ms,lexical_p100ms,lexical+zoekt_MRR,lexical+zoekt_hit1,lexical+zoekt_hit2,lexical+zoekt_hit3,lexical+zoekt_n,lexical+zoekt_p95ms,lexical+zoekt_p100ms,lexical+zoekt+semantic_MRR,lexical+zoekt+semantic_hit1,lexical+zoekt+semantic_hit2,lexical+zoekt+semantic_hit3,lexical+zoekt+semantic_n,lexical+zoekt+semantic_p95ms,lexical+zoekt+semantic_p100ms,cg_MRR,cg_hit1,cg_hit2,cg_hit3,cg_n,cg_p95ms,cg_p100ms,ctags_MRR,ctags_hit1,ctags_hit2,ctags_hit3,ctags_n,ctags_p95ms,ctags_p100ms,ast-grep_MRR,ast-grep_hit1,ast-grep_hit2,ast-grep_hit3,ast-grep_n,ast-grep_p95ms,ast-grep_p100ms,rg_MRR,rg_hit1,rg_hit2,rg_hit3,rg_n,rg_p95ms,rg_p100ms,code-index-mcp_MRR,code-index-mcp_hit1,code-index-mcp_hit2,code-index-mcp_hit3,code-index-mcp_n,code-index-mcp_p95ms,code-index-mcp_p100ms,jcodemunch_MRR,jcodemunch_hit1,jcodemunch_hit2,jcodemunch_hit3,jcodemunch_n,jcodemunch_p95ms,jcodemunch_p100ms,cmm_MRR,cmm_hit1,cmm_hit2,cmm_hit3,cmm_n,cmm_p95ms,cmm_p100ms,serena_MRR,serena_hit1,serena_hit2,serena_hit3,serena_n,serena_p95ms,serena_p100ms
OVERALL,definition,0.8745,0.8474,0.8859,0.8934,1586,179,2806,0.8717,0.8386,0.8840,0.8953,1586,205,2788,0.8782,0.8506,0.8890,0.8979,1586,1453,17849,0.7674,0.7369,0.7783,0.7892,1570,19,384,0.7545,0.7268,0.7675,0.7758,1570,0,14,0.5563,0.4707,0.5739,0.6217,1570,664,7510,0.5681,0.4535,0.5713,0.6389,1570,42,1034,0.4243,0.2809,0.4121,0.4822,1570,459,2129,0.3842,0.2531,0.3855,0.4813,1284,241,4655,0.7197,0.6675,0.7408,0.7656,1570,168,1021,0.6318,0.5650,0.6586,0.6815,1570,2998,480011
OVERALL,content,0.8479,0.8188,0.8559,0.8682,1457,179,2806,0.8757,0.8428,0.8819,0.8998,1457,205,2788,0.8745,0.8428,0.8813,0.9012,1457,1453,17849,0.0000,0.0000,0.0000,0.0000,1444,19,384,0.0000,0.0000,0.0000,0.0000,1444,0,14,0.5892,0.5665,0.5921,0.6060,1444,664,7510,0.8639,0.8276,0.8712,0.8906,1444,42,1034,0.5424,0.4141,0.5637,0.6399,1444,459,2129,0.6887,0.6519,0.7001,0.7172,1287,241,4655,0.7089,0.6731,0.7223,0.7396,1444,168,1021,0.7538,0.7306,0.7542,0.7645,1444,2998,480011
OVERALL,qwen_semantic,0.1931,0.1643,0.1987,0.2098,1802,179,2806,0.2476,0.1987,0.2531,0.2797,1802,205,2788,0.3953,0.3491,0.4090,0.4329,1802,1453,17849,0.0515,0.0333,0.0467,0.0633,1800,19,384,0.0000,0.0000,0.0000,0.0000,1800,0,14,0.0003,0.0000,0.0000,0.0006,1800,664,7510,0.0000,0.0000,0.0000,0.0000,1800,42,1034,0.0032,0.0000,0.0006,0.0017,1800,459,2129,0.0187,0.0102,0.0180,0.0222,1670,241,4655,0.2525,0.1756,0.2539,0.3072,1800,168,1021,0.0049,0.0028,0.0056,0.0067,1800,2998,480011
OVERALL,swebench,0.4901,0.4280,0.5028,0.5350,3946,179,2806,0.5188,0.4445,0.5335,0.5710,3946,205,2788,0.5054,0.4450,0.5165,0.5507,3946,1453,17849,0.3368,0.2884,0.3434,0.3700,3759,19,384,0.2253,0.2136,0.2293,0.2336,3759,0,14,0.2088,0.1543,0.2126,0.2421,3759,664,7510,0.2196,0.1410,0.2086,0.2482,3759,42,1034,0.2084,0.1484,0.2048,0.2330,3759,459,2129,0.1825,0.1078,0.1685,0.2272,3394,241,4655,0.3817,0.3081,0.3857,0.4411,3759,168,1021,0.3204,0.2506,0.3152,0.3485,3759,2998,480011
OVERALL,atelier_sessions,0.5962,0.5100,0.6180,0.6600,500,179,2806,0.5949,0.5080,0.6180,0.6600,500,205,2788,0.6024,0.5280,0.6120,0.6500,500,1453,17849,0.2974,0.2566,0.2974,0.3177,491,19,384,0.2043,0.1976,0.2057,0.2077,491,0,14,0.1830,0.1405,0.1874,0.2098,491,664,7510,0.2404,0.1589,0.2322,0.2811,491,42,1034,0.1934,0.1446,0.1874,0.2037,491,459,2129,0.1837,0.0978,0.1568,0.2444,491,241,4655,0.4241,0.3299,0.4175,0.4827,491,168,1021,0.3353,0.2607,0.3340,0.3768,491,2998,480011
astropy,definition,0.9800,0.9800,0.9800,0.9800,100,91,235,0.9720,0.9700,0.9700,0.9700,100,227,470,0.9720,0.9700,0.9700,0.9700,100,323,788,0.9400,0.9400,0.9400,0.9400,100,11,32,0.9400,0.9400,0.9400,0.9400,100,0,1,0.8129,0.7500,0.8400,0.8500,100,521,1446,0.7620,0.6400,0.8200,0.8700,100,23,85,0.2636,0.0000,0.0900,0.4300,100,812,1345,0.5282,0.3500,0.5400,0.6700,100,199,1300,0.7920,0.7900,0.7900,0.7900,100,64,175,0.8581,0.7900,0.9100,0.9300,100,957,2451
astropy,content,0.8500,0.8500,0.8500,0.8500,100,91,235,0.9950,0.9900,1.0000,1.0000,100,227,470,0.9950,0.9900,1.0000,1.0000,100,323,788,0.0000,0.0000,0.0000,0.0000,100,11,32,0.0000,0.0000,0.0000,0.0000,100,0,1,0.9100,0.9100,0.9100,0.9100,100,521,1446,1.0000,1.0000,1.0000,1.0000,100,23,85,0.3295,0.0600,0.0900,0.6900,100,812,1345,0.9100,0.9100,0.9100,0.9100,100,199,1300,0.9100,0.9100,0.9100,0.9100,100,64,175,1.0000,1.0000,1.0000,1.0000,100,957,2451
astropy,qwen_semantic,0.1385,0.1385,0.1385,0.1385,130,91,235,0.2294,0.2000,0.2231,0.2538,130,227,470,0.5415,0.4615,0.6000,0.6077,130,323,788,0.0213,0.0077,0.0154,0.0385,130,11,32,0.0000,0.0000,0.0000,0.0000,130,0,1,0.0000,0.0000,0.0000,0.0000,130,521,1446,0.0000,0.0000,0.0000,0.0000,130,23,85,0.0010,0.0000,0.0000,0.0000,130,812,1345,0.0154,0.0077,0.0231,0.0231,130,199,1300,0.2497,0.1923,0.2308,0.2769,130,64,175,0.0000,0.0000,0.0000,0.0000,130,957,2451
astropy,swebench,0.3817,0.3300,0.4200,0.4400,100,91,235,0.4401,0.3400,0.4700,0.5000,100,227,470,0.4355,0.3400,0.4600,0.5000,100,323,788,0.3675,0.2900,0.3600,0.4500,100,11,32,0.1885,0.1800,0.1800,0.1800,100,0,1,0.2029,0.1300,0.2000,0.2400,100,521,1446,0.2191,0.1600,0.2100,0.2400,100,23,85,0.1026,0.0000,0.1100,0.1200,100,812,1345,0.1563,0.0700,0.1400,0.1800,100,199,1300,0.3036,0.2200,0.3200,0.3800,100,64,175,0.2509,0.1800,0.2500,0.2800,100,957,2451
astropy,atelier_sessions,,,,,,,,,,,,,,,,,,,,,,,,,,,,,,,,,,,,,,,,,,,,,,,,,,,,,,,,,,,,,,,,,,,,,,,,,,,,,
atelier-dev,definition,,,,,,,,,,,,,,,,,,,,,,,,,,,,,,,,,,,,,,,,,,,,,,,,,,,,,,,,,,,,,,,,,,,,,,,,,,,,,
atelier-dev,content,,,,,,,,,,,,,,,,,,,,,,,,,,,,,,,,,,,,,,,,,,,,,,,,,,,,,,,,,,,,,,,,,,,,,,,,,,,,,
atelier-dev,qwen_semantic,,,,,,,,,,,,,,,,,,,,,,,,,,,,,,,,,,,,,,,,,,,,,,,,,,,,,,,,,,,,,,,,,,,,,,,,,,,,,
atelier-dev,swebench,0.5384,0.4653,0.5509,0.5882,2278,188,683,0.5390,0.4653,0.5522,0.5896,2278,204,672,0.5433,0.4794,0.5540,0.5896,2278,2033,14369,0.3077,0.2699,0.3147,0.3329,2145,17,230,0.2274,0.2219,0.2294,0.2317,2145,0,14,0.1892,0.1361,0.1958,0.2233,2145,458,1358,0.1935,0.1128,0.1758,0.2200,2145,47,1034,0.1922,0.1394,0.1804,0.2126,2145,230,2129,0.1615,0.0970,0.1510,0.2023,2145,282,1281,0.3460,0.2755,0.3483,0.3995,2145,123,246,0.3105,0.2387,0.3086,0.3417,2145,1737,250635
atelier-dev,atelier_sessions,,,,,,,,,,,,,,,,,,,,,,,,,,,,,,,,,,,,,,,,,,,,,,,,,,,,,,,,,,,,,,,,,,,,,,,,,,,,,
atelier,definition,0.8100,0.8000,0.8200,0.8200,100,198,734,0.8100,0.8000,0.8200,0.8200,100,189,903,0.7960,0.7800,0.8000,0.8100,100,2674,17849,0.7225,0.7200,0.7200,0.7200,100,12,35,0.7070,0.7000,0.7100,0.7100,100,0,3,0.5573,0.4800,0.5700,0.6100,100,444,708,0.1644,0.0500,0.0900,0.1200,100,44,183,0.1696,0.0100,0.0200,0.0200,100,251,689,0.1701,0.1100,0.1700,0.2300,100,266,1335,0.3620,0.3100,0.3600,0.4200,100,107,205,0.6828,0.6500,0.6900,0.7100,100,1568,246613
atelier,content,0.5299,0.5100,0.5100,0.5100,100,198,734,0.5299,0.5100,0.5100,0.5100,100,189,903,0.6370,0.5600,0.6400,0.7100,100,2674,17849,0.0000,0.0000,0.0000,0.0000,100,12,35,0.0000,0.0000,0.0000,0.0000,100,0,3,0.4200,0.4200,0.4200,0.4200,100,444,708,0.8833,0.7800,0.9800,0.9900,100,44,183,0.5500,0.1500,0.9500,0.9500,100,251,689,0.2025,0.0500,0.3500,0.3500,100,266,1335,0.4617,0.4000,0.4900,0.5400,100,107,205,0.4950,0.4900,0.5000,0.5000,100,1568,246613
atelier,qwen_semantic,0.4207,0.2679,0.4375,0.5179,112,198,734,0.4233,0.2768,0.4286,0.5179,112,189,903,0.4114,0.2768,0.3929,0.4911,112,2674,17849,0.0307,0.0268,0.0268,0.0268,112,12,35,0.0000,0.0000,0.0000,0.0000,112,0,3,0.0000,0.0000,0.0000,0.0000,112,444,708,0.0000,0.0000,0.0000,0.0000,112,44,183,0.0010,0.0000,0.0000,0.0000,112,251,689,0.0125,0.0089,0.0089,0.0089,112,266,1335,0.2219,0.1518,0.2054,0.2500,112,107,205,0.0089,0.0089,0.0089,0.0089,112,1568,246613
atelier,swebench,0.4852,0.4400,0.4900,0.4900,100,198,734,0.4857,0.4400,0.4900,0.4900,100,189,903,0.5045,0.4500,0.4900,0.5300,100,2674,17849,0.4463,0.3900,0.4500,0.4800,100,12,35,0.2380,0.2300,0.2400,0.2400,100,0,3,0.2335,0.1900,0.2300,0.2700,100,444,708,0.2645,0.2100,0.2400,0.3200,100,44,183,0.2958,0.2400,0.3200,0.3300,100,251,689,0.2814,0.1600,0.2600,0.3400,100,266,1335,0.5102,0.4500,0.5000,0.5500,100,107,205,0.3938,0.3400,0.4000,0.4100,100,1568,246613
atelier,atelier_sessions,0.5962,0.5100,0.6180,0.6600,500,198,734,0.5949,0.5080,0.6180,0.6600,500,189,903,0.6024,0.5280,0.6120,0.6500,500,2674,17849,0.2974,0.2566,0.2974,0.3177,491,12,35,0.2043,0.1976,0.2057,0.2077,491,0,3,0.1830,0.1405,0.1874,0.2098,491,444,708,0.2404,0.1589,0.2322,0.2811,491,44,183,0.1934,0.1446,0.1874,0.2037,491,251,689,0.1837,0.0978,0.1568,0.2444,491,266,1335,0.4241,0.3299,0.4175,0.4827,491,107,205,0.3353,0.2607,0.3340,0.3768,491,1568,246613
django,definition,0.8670,0.8322,0.8811,0.8951,286,206,308,0.8573,0.8147,0.8706,0.8881,286,255,540,0.8628,0.8287,0.8706,0.8881,286,290,807,0.5872,0.5455,0.6084,0.6259,286,26,92,0.5268,0.5105,0.5350,0.5420,286,0,2,0.3604,0.2587,0.3811,0.4406,286,436,631,0.3561,0.2448,0.3392,0.4021,286,36,130,0.3819,0.3007,0.3951,0.4301,286,392,1317,,,,,,,,0.6854,0.6154,0.7028,0.7587,286,135,442,0.5177,0.4790,0.5385,0.5420,286,2340,4029
django,content,0.9418,0.9172,0.9490,0.9682,157,206,308,0.9644,0.9554,0.9682,0.9682,157,255,540,0.9526,0.9363,0.9554,0.9682,157,290,807,0.0000,0.0000,0.0000,0.0000,157,26,92,0.0000,0.0000,0.0000,0.0000,157,0,2,0.2675,0.2675,0.2675,0.2675,157,436,631,1.0000,1.0000,1.0000,1.0000,157,36,130,0.2803,0.2803,0.2803,0.2803,157,392,1317,,,,,,,,0.2678,0.2611,0.2675,0.2675,157,135,442,0.9509,0.9427,0.9490,0.9618,157,2340,4029
django,qwen_semantic,0.5034,0.3769,0.5385,0.5769,130,206,308,0.4948,0.3769,0.5231,0.5692,130,255,540,0.5872,0.4769,0.6154,0.6615,130,290,807,0.0153,0.0077,0.0077,0.0077,130,26,92,0.0000,0.0000,0.0000,0.0000,130,0,2,0.0002,0.0000,0.0000,0.0000,130,436,631,0.0000,0.0000,0.0000,0.0000,130,36,130,0.0005,0.0000,0.0000,0.0000,130,392,1317,,,,,,,,0.1618,0.1077,0.1615,0.2077,130,135,442,0.0089,0.0077,0.0077,0.0077,130,2340,4029
django,swebench,0.4825,0.3753,0.4986,0.5726,365,206,308,0.5101,0.4164,0.5205,0.5836,365,255,540,0.4960,0.3863,0.5205,0.5945,365,290,807,0.2707,0.2110,0.2932,0.3151,365,26,92,0.2229,0.2000,0.2356,0.2466,365,0,2,0.1627,0.0932,0.1671,0.2164,365,436,631,0.1876,0.0904,0.1863,0.2384,365,36,130,0.2091,0.1479,0.2192,0.2329,365,392,1317,,,,,,,,0.3347,0.2603,0.3507,0.3945,365,135,442,0.3515,0.2877,0.3233,0.3671,365,2340,4029
django,atelier_sessions,,,,,,,,,,,,,,,,,,,,,,,,,,,,,,,,,,,,,,,,,,,,,,,,,,,,,,,,,,,,,,,,,,,,,,,,,,,,,
matplotlib,definition,0.9900,0.9900,0.9900,0.9900,100,96,231,0.9900,0.9900,0.9900,0.9900,100,96,242,0.9900,0.9900,0.9900,0.9900,100,288,960,0.8350,0.8300,0.8400,0.8400,100,11,18,0.8100,0.7900,0.8300,0.8300,100,3,4,0.0000,0.0000,0.0000,0.0000,100,174,321,0.5914,0.3900,0.6100,0.8100,100,29,127,0.3350,0.1300,0.3000,0.4100,100,312,595,0.0000,0.0000,0.0000,0.0000,100,193,1720,0.8108,0.7900,0.8200,0.8300,100,73,121,0.0000,0.0000,0.0000,0.0000,100,695,4735
matplotlib,content,0.9433,0.9400,0.9400,0.9500,100,96,231,0.9433,0.9400,0.9400,0.9500,100,96,242,0.9870,0.9800,0.9900,0.9900,100,288,960,0.0000,0.0000,0.0000,0.0000,100,11,18,0.0000,0.0000,0.0000,0.0000,100,3,4,0.0000,0.0000,0.0000,0.0000,100,174,321,1.0000,1.0000,1.0000,1.0000,100,29,127,0.9300,0.9300,0.9300,0.9300,100,312,595,0.9233,0.9200,0.9200,0.9300,100,193,1720,0.9300,0.9300,0.9300,0.9300,100,73,121,0.0000,0.0000,0.0000,0.0000,100,695,4735
matplotlib,qwen_semantic,0.0923,0.0923,0.0923,0.0923,130,96,231,0.0923,0.0923,0.0923,0.0923,130,96,242,0.2339,0.1846,0.2385,0.2846,130,288,960,0.0237,0.0154,0.0154,0.0154,130,11,18,0.0000,0.0000,0.0000,0.0000,130,3,4,0.0000,0.0000,0.0000,0.0000,130,174,321,0.0000,0.0000,0.0000,0.0000,130,29,127,0.0000,0.0000,0.0000,0.0000,130,312,595,0.0000,0.0000,0.0000,0.0000,130,193,1720,0.2582,0.1923,0.2615,0.3231,130,73,121,0.0000,0.0000,0.0000,0.0000,130,695,4735
matplotlib,swebench,0.3867,0.3700,0.4000,0.4000,100,96,231,0.3967,0.3800,0.4100,0.4100,100,96,242,0.5331,0.4800,0.5100,0.5800,100,288,960,0.3386,0.2737,0.3368,0.3895,95,11,18,0.2215,0.2000,0.2211,0.2316,95,3,4,0.0026,0.0000,0.0000,0.0000,95,174,321,0.3293,0.2632,0.3368,0.3789,95,29,127,0.2655,0.2316,0.2421,0.2947,95,312,595,0.0877,0.0526,0.1158,0.1263,95,193,1720,0.4004,0.3053,0.3684,0.4947,95,73,121,0.0019,0.0000,0.0000,0.0000,95,695,4735
matplotlib,atelier_sessions,,,,,,,,,,,,,,,,,,,,,,,,,,,,,,,,,,,,,,,,,,,,,,,,,,,,,,,,,,,,,,,,,,,,,,,,,,,,,
seaborn,definition,0.9664,0.9600,0.9700,0.9700,100,107,206,0.9551,0.9400,0.9500,0.9700,100,129,282,0.9664,0.9600,0.9700,0.9700,100,198,599,0.8703,0.8600,0.8700,0.8800,100,2,3,0.8150,0.8100,0.8200,0.8200,100,0,1,0.7433,0.6700,0.7300,0.8100,100,106,226,0.6267,0.4900,0.6800,0.7100,100,14,52,0.6648,0.5800,0.7100,0.7400,100,44,144,0.4736,0.3000,0.5300,0.5800,100,37,144,0.8583,0.8000,0.8800,0.9000,100,29,94,0.6816,0.6000,0.7400,0.7400,100,360,2795
seaborn,content,0.9213,0.9100,0.9300,0.9300,100,107,206,0.9800,0.9700,0.9800,0.9900,100,129,282,0.9213,0.9100,0.9300,0.9300,100,198,599,0.0000,0.0000,0.0000,0.0000,100,2,3,0.0000,0.0000,0.0000,0.0000,100,0,1,0.8303,0.8200,0.8300,0.8400,100,106,226,0.9790,0.9700,0.9800,0.9800,100,14,52,0.8252,0.8100,0.8300,0.8400,100,44,144,0.8296,0.8100,0.8400,0.8500,100,37,144,0.8367,0.8200,0.8400,0.8600,100,29,94,0.9683,0.9500,0.9800,0.9800,100,360,2795
seaborn,qwen_semantic,0.1231,0.1231,0.1231,0.1231,130,107,206,0.2233,0.1923,0.2308,0.2538,130,129,282,0.2231,0.2154,0.2308,0.2308,130,198,599,0.1102,0.0846,0.1231,0.1308,130,2,3,0.0000,0.0000,0.0000,0.0000,130,0,1,0.0000,0.0000,0.0000,0.0000,130,106,226,0.0000,0.0000,0.0000,0.0000,130,14,52,0.0050,0.0000,0.0000,0.0000,130,44,144,0.0475,0.0385,0.0385,0.0462,130,37,144,0.2664,0.1692,0.2615,0.3154,130,29,94,0.0077,0.0077,0.0077,0.0077,130,360,2795
seaborn,swebench,0.3150,0.3000,0.3300,0.3300,100,107,206,0.5535,0.4300,0.5800,0.6500,100,129,282,0.3150,0.3000,0.3300,0.3300,100,198,599,0.4112,0.3434,0.3838,0.4646,99,2,3,0.2172,0.2020,0.2323,0.2323,99,0,1,0.3412,0.2727,0.3434,0.3838,99,106,226,0.2771,0.1515,0.2929,0.3131,99,14,52,0.3080,0.2424,0.3131,0.3434,99,44,144,0.2542,0.1414,0.2424,0.3333,99,37,144,0.3913,0.3131,0.3535,0.4242,99,29,94,0.3001,0.2121,0.2424,0.3131,99,360,2795
seaborn,atelier_sessions,,,,,,,,,,,,,,,,,,,,,,,,,,,,,,,,,,,,,,,,,,,,,,,,,,,,,,,,,,,,,,,,,,,,,,,,,,,,,
flask,definition,0.6733,0.6300,0.7100,0.7200,100,67,218,0.6341,0.5400,0.6800,0.7100,100,83,239,0.6833,0.6400,0.7200,0.7300,100,161,356,0.6752,0.6277,0.6809,0.7128,94,3,11,0.6605,0.6064,0.7021,0.7128,94,0,1,0.5923,0.4787,0.6277,0.6489,94,36,151,0.6045,0.5319,0.6277,0.6702,94,12,60,0.5089,0.4468,0.4894,0.5532,94,41,159,0.3933,0.2766,0.4043,0.4787,94,30,140,0.6691,0.6170,0.6809,0.7234,94,28,98,0.5908,0.4681,0.6277,0.6702,94,302,528
flask,content,0.6146,0.5600,0.6500,0.6600,100,67,218,0.6952,0.5800,0.7300,0.8000,100,83,239,0.6296,0.5700,0.6700,0.6800,100,161,356,0.0000,0.0000,0.0000,0.0000,97,3,11,0.0000,0.0000,0.0000,0.0000,97,0,1,0.5234,0.4845,0.5258,0.5670,97,36,151,0.4756,0.4021,0.4845,0.5361,97,12,60,0.4847,0.4021,0.5155,0.5361,97,41,159,0.5502,0.4948,0.5464,0.5773,97,30,140,0.7014,0.6186,0.7320,0.7629,97,28,98,0.5374,0.5052,0.5361,0.5464,97,302,528
flask,qwen_semantic,0.0885,0.0846,0.0923,0.0923,130,67,218,0.2534,0.1769,0.2615,0.3231,130,83,239,0.2923,0.2846,0.3000,0.3000,130,161,356,0.1094,0.1000,0.1077,0.1154,130,3,11,0.0000,0.0000,0.0000,0.0000,130,0,1,0.0000,0.0000,0.0000,0.0000,130,36,151,0.0000,0.0000,0.0000,0.0000,130,12,60,0.0012,0.0000,0.0000,0.0000,130,41,159,0.0224,0.0154,0.0154,0.0154,130,30,140,0.3060,0.2077,0.3231,0.3923,130,28,98,0.0000,0.0000,0.0000,0.0000,130,302,528
flask,swebench,0.4867,0.4700,0.4900,0.5100,100,67,218,0.5762,0.5000,0.6000,0.6100,100,83,239,0.4950,0.4800,0.4900,0.5200,100,161,356,0.5040,0.4141,0.4949,0.5657,99,3,11,0.2780,0.2424,0.2828,0.2929,99,0,1,0.3097,0.2424,0.3030,0.3333,99,36,151,0.3487,0.2626,0.3535,0.3838,99,12,60,0.3005,0.2424,0.2929,0.3434,99,41,159,0.3519,0.2424,0.3030,0.4141,99,30,140,0.5955,0.5354,0.6061,0.6566,99,28,98,0.4514,0.3636,0.4040,0.4747,99,302,528
flask,atelier_sessions,,,,,,,,,,,,,,,,,,,,,,,,,,,,,,,,,,,,,,,,,,,,,,,,,,,,,,,,,,,,,,,,,,,,,,,,,,,,,
requests,definition,0.9340,0.9100,0.9400,0.9400,100,86,183,0.9517,0.9200,0.9600,0.9800,100,96,171,0.9340,0.9100,0.9400,0.9400,100,193,478,0.9425,0.9200,0.9600,0.9600,100,1,4,0.9103,0.8900,0.9100,0.9200,100,0,1,0.8814,0.8500,0.8700,0.9100,100,62,171,0.8631,0.8100,0.8700,0.9100,100,12,41,0.8099,0.7500,0.8100,0.8500,100,26,109,0.6591,0.4900,0.7100,0.8300,100,23,76,0.8117,0.7900,0.8200,0.8200,100,24,77,0.8602,0.8000,0.8900,0.9100,100,278,380
requests,content,0.9062,0.8700,0.9100,0.9400,100,86,183,0.9170,0.8800,0.9100,0.9400,100,96,171,0.9062,0.8700,0.9100,0.9400,100,193,478,0.0000,0.0000,0.0000,0.0000,97,1,4,0.0000,0.0000,0.0000,0.0000,97,0,1,0.8157,0.7526,0.8557,0.8660,97,62,171,0.7958,0.7320,0.8041,0.8454,97,12,41,0.8116,0.7629,0.8041,0.8454,97,26,109,0.8034,0.7629,0.8041,0.8247,97,23,76,0.8123,0.7216,0.8454,0.8866,97,24,77,0.7822,0.7216,0.7938,0.8144,97,278,380
requests,qwen_semantic,0.2385,0.2385,0.2385,0.2385,130,86,183,0.3347,0.2538,0.3231,0.3692,130,96,171,0.4500,0.4462,0.4538,0.4538,130,193,478,0.1164,0.1000,0.1154,0.1154,130,1,4,0.0000,0.0000,0.0000,0.0000,130,0,1,0.0000,0.0000,0.0000,0.0000,130,62,171,0.0000,0.0000,0.0000,0.0000,130,12,41,0.0263,0.0000,0.0000,0.0154,130,26,109,0.0635,0.0385,0.0692,0.0846,130,23,76,0.4746,0.3462,0.5000,0.5923,130,24,77,0.0000,0.0000,0.0000,0.0000,130,278,380
requests,swebench,0.5025,0.4500,0.5500,0.5500,100,86,183,0.6306,0.5200,0.6700,0.7500,100,96,171,0.4975,0.4500,0.5400,0.5400,100,193,478,0.5022,0.4444,0.5051,0.5455,99,1,4,0.2704,0.2525,0.2828,0.2828,99,0,1,0.3799,0.3535,0.3737,0.3939,99,62,171,0.3362,0.2626,0.3434,0.3636,99,12,41,0.3497,0.2929,0.3636,0.3737,99,26,109,0.2330,0.1111,0.2121,0.3434,99,23,76,0.5040,0.4444,0.5354,0.5556,99,24,77,0.4396,0.3232,0.4646,0.5354,99,278,380
requests,atelier_sessions,,,,,,,,,,,,,,,,,,,,,,,,,,,,,,,,,,,,,,,,,,,,,,,,,,,,,,,,,,,,,,,,,,,,,,,,,,,,,
xarray,definition,1.0000,1.0000,1.0000,1.0000,100,101,251,1.0000,1.0000,1.0000,1.0000,100,151,328,1.0000,1.0000,1.0000,1.0000,100,235,666,1.0000,1.0000,1.0000,1.0000,100,3,8,0.9833,0.9800,0.9800,0.9900,100,0,1,0.7145,0.5800,0.7500,0.8300,100,234,401,0.6659,0.5400,0.6600,0.7400,100,15,48,0.1517,0.0000,0.0000,0.0000,100,219,334,0.4442,0.1800,0.4100,0.6600,100,42,245,0.9200,0.8800,0.9600,0.9600,100,33,77,0.7113,0.5600,0.7600,0.8400,100,381,831
xarray,content,0.9800,0.9800,0.9800,0.9800,100,101,251,1.0000,1.0000,1.0000,1.0000,100,151,328,1.0000,1.0000,1.0000,1.0000,100,235,666,0.0000,0.0000,0.0000,0.0000,100,3,8,0.0000,0.0000,0.0000,0.0000,100,0,1,0.9800,0.9800,0.9800,0.9800,100,234,401,1.0000,1.0000,1.0000,1.0000,100,15,48,0.2120,0.0200,0.0200,0.0200,100,219,334,0.9800,0.9800,0.9800,0.9800,100,42,245,0.9800,0.9800,0.9800,0.9800,100,33,77,0.9900,0.9900,0.9900,0.9900,100,381,831
xarray,qwen_semantic,0.1231,0.1231,0.1231,0.1231,130,101,251,0.2113,0.1692,0.2231,0.2462,130,151,328,0.4962,0.4077,0.5154,0.6077,130,235,666,0.0853,0.0231,0.0692,0.1615,130,3,8,0.0000,0.0000,0.0000,0.0000,130,0,1,0.0000,0.0000,0.0000,0.0000,130,234,401,0.0000,0.0000,0.0000,0.0000,130,15,48,0.0055,0.0000,0.0077,0.0077,130,219,334,0.0115,0.0000,0.0077,0.0077,130,42,245,0.2579,0.1615,0.2538,0.3000,130,33,77,0.0000,0.0000,0.0000,0.0000,130,381,831
xarray,swebench,0.3958,0.3700,0.3900,0.4100,100,101,251,0.4908,0.4100,0.5000,0.5300,100,151,328,0.4989,0.4200,0.5100,0.5400,100,235,666,0.4109,0.3434,0.4141,0.4343,99,3,8,0.2312,0.2020,0.2323,0.2626,99,0,1,0.2443,0.2020,0.2121,0.2525,99,234,401,0.3080,0.2121,0.3232,0.3636,99,15,48,0.1118,0.0101,0.1111,0.1313,99,219,334,0.2505,0.1313,0.2323,0.3131,99,42,245,0.4972,0.3939,0.5051,0.5758,99,33,77,0.2940,0.2121,0.2828,0.2929,99,381,831
xarray,atelier_sessions,,,,,,,,,,,,,,,,,,,,,,,,,,,,,,,,,,,,,,,,,,,,,,,,,,,,,,,,,,,,,,,,,,,,,,,,,,,,,
pylint,definition,0.9725,0.9700,0.9700,0.9700,100,105,219,0.9700,0.9700,0.9700,0.9700,100,131,352,0.9725,0.9700,0.9700,0.9700,100,230,753,0.9150,0.9100,0.9100,0.9100,100,7,12,0.9033,0.9000,0.9000,0.9100,100,0,1,0.6753,0.5300,0.7500,0.7900,100,110,171,0.6056,0.4800,0.6000,0.6700,100,22,82,0.6788,0.6000,0.6400,0.7100,100,269,673,0.3939,0.2400,0.3500,0.4800,100,113,493,0.8100,0.7900,0.8300,0.8300,100,64,137,0.8340,0.7800,0.8600,0.8900,100,1304,2163
pylint,content,0.9500,0.9500,0.9500,0.9500,100,105,219,0.9700,0.9700,0.9700,0.9700,100,131,352,0.9500,0.9500,0.9500,0.9500,100,230,753,0.0000,0.0000,0.0000,0.0000,100,7,12,0.0000,0.0000,0.0000,0.0000,100,0,1,0.7800,0.7800,0.7800,0.7800,100,110,171,1.0000,1.0000,1.0000,1.0000,100,22,82,0.7800,0.7800,0.7800,0.7800,100,269,673,0.7800,0.7800,0.7800,0.7800,100,113,493,0.7800,0.7800,0.7800,0.7800,100,64,137,0.9858,0.9800,0.9800,0.9900,100,1304,2163
pylint,qwen_semantic,0.0481,0.0462,0.0462,0.0462,130,105,219,0.1084,0.1000,0.1077,0.1077,130,131,352,0.1910,0.1769,0.2000,0.2077,130,230,753,0.0204,0.0077,0.0077,0.0154,130,7,12,0.0000,0.0000,0.0000,0.0000,130,0,1,0.0014,0.0000,0.0000,0.0000,130,110,171,0.0000,0.0000,0.0000,0.0000,130,22,82,0.0005,0.0000,0.0000,0.0000,130,269,673,0.0006,0.0000,0.0000,0.0000,130,113,493,0.3058,0.2308,0.3154,0.3615,130,64,137,0.0022,0.0000,0.0000,0.0000,130,1304,2163
pylint,swebench,0.5583,0.5437,0.5728,0.5728,103,105,219,0.6979,0.6408,0.6990,0.7282,103,131,352,0.5583,0.5437,0.5728,0.5728,103,230,753,0.5966,0.5437,0.6408,0.6408,103,7,12,0.3141,0.3107,0.3107,0.3204,103,0,1,0.5198,0.4272,0.5437,0.5825,103,110,171,0.3354,0.2330,0.3010,0.3204,103,22,82,0.4828,0.4078,0.5146,0.5243,103,269,673,0.1766,0.1262,0.1456,0.2233,103,113,493,0.5149,0.4466,0.5243,0.5825,103,64,137,0.5039,0.4272,0.5049,0.5340,103,1304,2163
pylint,atelier_sessions,,,,,,,,,,,,,,,,,,,,,,,,,,,,,,,,,,,,,,,,,,,,,,,,,,,,,,,,,,,,,,,,,,,,,,,,,,,,,
pytest,definition,1.0000,1.0000,1.0000,1.0000,100,84,144,1.0000,1.0000,1.0000,1.0000,100,99,262,1.0000,1.0000,1.0000,1.0000,100,226,649,0.9720,0.9700,0.9700,0.9700,100,5,18,0.9650,0.9600,0.9700,0.9700,100,0,1,0.8036,0.6900,0.8600,0.9200,100,64,165,0.6979,0.5300,0.7600,0.8600,100,15,61,0.3949,0.0000,0.6300,0.7700,100,104,211,0.6588,0.4800,0.6800,0.8100,100,39,184,0.9700,0.9600,0.9800,0.9800,100,40,75,0.9662,0.9600,0.9600,0.9700,100,399,638
pytest,content,0.9900,0.9900,0.9900,0.9900,100,84,144,1.0000,1.0000,1.0000,1.0000,100,99,262,1.0000,1.0000,1.0000,1.0000,100,226,649,0.0000,0.0000,0.0000,0.0000,100,5,18,0.0000,0.0000,0.0000,0.0000,100,0,1,0.9700,0.9700,0.9700,0.9700,100,64,165,1.0000,1.0000,1.0000,1.0000,100,15,61,0.4608,0.0500,0.6800,0.9600,100,104,211,0.9700,0.9700,0.9700,0.9700,100,39,184,0.9700,0.9700,0.9700,0.9700,100,40,75,1.0000,1.0000,1.0000,1.0000,100,399,638
pytest,qwen_semantic,0.1308,0.1308,0.1308,0.1308,130,84,144,0.1665,0.1615,0.1692,0.1692,130,99,262,0.5462,0.5308,0.5615,0.5615,130,226,649,0.1000,0.0465,0.0853,0.1473,129,5,18,0.0000,0.0000,0.0000,0.0000,129,0,1,0.0026,0.0000,0.0000,0.0078,129,64,165,0.0000,0.0000,0.0000,0.0000,129,15,61,0.0007,0.0000,0.0000,0.0000,129,104,211,0.0114,0.0000,0.0155,0.0233,129,39,184,0.1478,0.0853,0.1473,0.1705,129,40,75,0.0181,0.0078,0.0233,0.0310,129,399,638
pytest,swebench,0.3858,0.3500,0.4100,0.4200,100,84,144,0.5454,0.4300,0.6100,0.6400,100,99,262,0.4025,0.3600,0.4400,0.4400,100,226,649,0.2790,0.2121,0.2929,0.3333,99,5,18,0.1649,0.1313,0.1818,0.1818,99,0,1,0.1777,0.1010,0.2020,0.2020,99,64,165,0.1846,0.1111,0.1717,0.1919,99,15,61,0.1253,0.0202,0.1313,0.1717,99,104,211,0.2274,0.1616,0.2323,0.2424,99,39,184,0.3684,0.2626,0.3636,0.4949,99,40,75,0.3486,0.2525,0.3434,0.4040,99,399,638
pytest,atelier_sessions,,,,,,,,,,,,,,,,,,,,,,,,,,,,,,,,,,,,,,,,,,,,,,,,,,,,,,,,,,,,,,,,,,,,,,,,,,,,,
scikit-learn,definition,0.6738,0.6200,0.6900,0.7000,100,84,167,0.7047,0.6500,0.7300,0.7300,100,115,234,0.7402,0.6900,0.7600,0.7700,100,223,734,0.6634,0.6000,0.6800,0.6900,100,7,13,0.5956,0.5000,0.6500,0.6700,100,0,1,0.5616,0.4600,0.5500,0.6600,100,236,354,0.5321,0.4600,0.5200,0.5500,100,24,104,0.1929,0.0000,0.2800,0.3300,100,398,611,0.3364,0.2300,0.3300,0.4000,100,143,1016,0.5150,0.4000,0.6000,0.6300,100,49,88,0.5722,0.4800,0.6000,0.6200,100,675,1270
scikit-learn,content,0.7582,0.7100,0.7800,0.7800,100,84,167,0.7935,0.7400,0.8000,0.8400,100,115,234,0.7729,0.7300,0.7700,0.8100,100,223,734,0.0000,0.0000,0.0000,0.0000,99,7,13,0.0000,0.0000,0.0000,0.0000,99,0,1,0.5668,0.5253,0.5657,0.5859,99,236,354,0.6198,0.5657,0.6061,0.6465,99,24,104,0.3355,0.1515,0.4141,0.4444,99,398,611,0.6256,0.5859,0.6061,0.6465,99,143,1016,0.6614,0.6162,0.6869,0.6970,99,49,88,0.6179,0.5960,0.6061,0.6061,99,675,1270
scikit-learn,qwen_semantic,0.0385,0.0385,0.0385,0.0385,130,84,167,0.1479,0.1308,0.1538,0.1615,130,115,234,0.6296,0.6077,0.6462,0.6462,130,223,734,0.0338,0.0231,0.0308,0.0385,130,7,13,0.0000,0.0000,0.0000,0.0000,130,0,1,0.0000,0.0000,0.0000,0.0000,130,236,354,0.0000,0.0000,0.0000,0.0000,130,24,104,0.0004,0.0000,0.0000,0.0000,130,398,611,0.0139,0.0000,0.0077,0.0231,130,143,1016,0.1974,0.1154,0.2077,0.2615,130,49,88,0.0103,0.0000,0.0154,0.0231,130,675,1270
scikit-learn,swebench,0.4425,0.4400,0.4400,0.4400,100,84,167,0.5466,0.4900,0.5600,0.6000,100,115,234,0.5075,0.4900,0.5200,0.5200,100,223,734,0.4316,0.4021,0.4124,0.4433,97,7,13,0.2450,0.2062,0.2784,0.2784,97,0,1,0.2916,0.2474,0.2887,0.3093,97,236,354,0.2910,0.2474,0.2990,0.2990,97,24,104,0.1115,0.0000,0.1443,0.1753,97,398,611,0.2468,0.1546,0.2165,0.2990,97,143,1016,0.5629,0.4433,0.6289,0.6907,97,49,88,0.3653,0.3093,0.3918,0.3918,97,675,1270
scikit-learn,atelier_sessions,,,,,,,,,,,,,,,,,,,,,,,,,,,,,,,,,,,,,,,,,,,,,,,,,,,,,,,,,,,,,,,,,,,,,,,,,,,,,
sphinx,definition,0.6162,0.5000,0.6700,0.7000,100,90,197,0.6112,0.4900,0.6700,0.7000,100,99,458,0.6162,0.5000,0.6700,0.7000,100,218,431,0.5831,0.5000,0.6196,0.6630,92,6,11,0.6128,0.5109,0.6522,0.6848,92,0,1,0.5496,0.4674,0.5326,0.5870,92,193,338,0.5502,0.4348,0.5326,0.6304,92,21,69,0.4198,0.2935,0.4022,0.5217,92,234,447,0.3929,0.2717,0.3804,0.4457,92,108,518,0.4778,0.3804,0.5217,0.5543,92,65,184,0.5134,0.4130,0.5109,0.5761,92,777,1533
sphinx,content,0.7336,0.6300,0.7700,0.8100,100,90,197,0.7236,0.6100,0.7700,0.8100,100,99,458,0.7369,0.6400,0.7600,0.8100,100,218,431,0.0000,0.0000,0.0000,0.0000,97,6,11,0.0000,0.0000,0.0000,0.0000,97,0,1,0.5320,0.4433,0.5258,0.5979,97,193,338,0.6074,0.4948,0.6082,0.6701,97,21,69,0.6058,0.4948,0.6392,0.6907,97,234,447,0.6291,0.5567,0.6392,0.6701,97,108,518,0.5805,0.4845,0.6186,0.6495,97,65,184,0.4805,0.3918,0.4742,0.5258,97,777,1533
sphinx,qwen_semantic,0.1077,0.1077,0.1077,0.1077,130,90,197,0.1231,0.1154,0.1231,0.1308,130,99,458,0.2000,0.1923,0.2077,0.2077,130,218,431,0.0200,0.0078,0.0155,0.0310,129,6,11,0.0000,0.0000,0.0000,0.0000,129,0,1,0.0000,0.0000,0.0000,0.0000,129,193,338,0.0000,0.0000,0.0000,0.0000,129,21,69,0.0017,0.0000,0.0000,0.0000,129,234,447,0.0313,0.0233,0.0310,0.0310,129,108,518,0.2237,0.1705,0.2403,0.2558,129,65,184,0.0133,0.0078,0.0155,0.0155,129,777,1533
sphinx,swebench,0.3742,0.3500,0.3700,0.4000,100,90,197,0.3642,0.3300,0.3700,0.4000,100,99,458,0.3742,0.3500,0.3700,0.4000,100,218,431,0.3836,0.3021,0.4167,0.4271,96,6,11,0.1524,0.1354,0.1458,0.1458,96,0,1,0.1954,0.1458,0.1875,0.2083,96,193,338,0.1879,0.1458,0.1875,0.2188,96,21,69,0.2276,0.1667,0.2396,0.2604,96,234,447,0.2331,0.1250,0.2188,0.2812,96,108,518,0.5403,0.4688,0.5104,0.6146,96,65,184,0.3230,0.2604,0.3333,0.3333,96,777,1533
sphinx,atelier_sessions,,,,,,,,,,,,,,,,,,,,,,,,,,,,,,,,,,,,,,,,,,,,,,,,,,,,,,,,,,,,,,,,,,,,,,,,,,,,,
sympy,definition,0.7742,0.7000,0.7900,0.8200,100,96,231,0.7742,0.7000,0.7900,0.8200,100,110,279,0.7905,0.7100,0.8200,0.8500,100,222,458,0.7440,0.6429,0.7653,0.7959,98,9,69,0.7504,0.6633,0.7755,0.7959,98,0,1,0.6746,0.5612,0.7041,0.7347,98,623,793,0.6502,0.5510,0.6633,0.7041,98,23,68,0.3279,0.1633,0.2755,0.2959,98,631,1020,0.5121,0.3469,0.4796,0.6429,98,177,1040,0.6413,0.5510,0.6429,0.6735,98,69,131,0.6307,0.4898,0.6837,0.7347,98,1015,15622
sympy,content,0.6977,0.5900,0.7200,0.7800,100,96,231,0.6977,0.5900,0.7200,0.7800,100,110,279,0.7095,0.6100,0.7200,0.7900,100,222,458,0.0000,0.0000,0.0000,0.0000,97,9,69,0.0000,0.0000,0.0000,0.0000,97,0,1,0.6713,0.5773,0.6804,0.7320,97,623,793,0.6253,0.5052,0.6289,0.7113,97,23,68,0.4639,0.3196,0.4433,0.5052,97,631,1020,0.6444,0.5464,0.6495,0.7320,97,177,1040,0.5895,0.4639,0.6289,0.7010,97,69,131,0.6236,0.5258,0.6289,0.6701,97,1015,15622
sympy,qwen_semantic,0.6130,0.4846,0.6385,0.6846,130,96,231,0.6130,0.4846,0.6385,0.6846,130,110,279,0.6654,0.5538,0.6923,0.7385,130,222,458,0.0298,0.0154,0.0308,0.0385,130,9,69,0.0000,0.0000,0.0000,0.0000,130,0,1,0.0000,0.0000,0.0000,0.0000,130,623,793,0.0000,0.0000,0.0000,0.0000,130,23,68,0.0013,0.0000,0.0000,0.0000,130,631,1020,0.0119,0.0000,0.0154,0.0231,130,177,1040,0.2563,0.2000,0.2385,0.2923,130,69,131,0.0000,0.0000,0.0000,0.0000,130,1015,15622
sympy,swebench,0.5421,0.4600,0.5500,0.5800,100,96,231,0.5421,0.4600,0.5500,0.5800,100,110,279,0.5764,0.5200,0.5700,0.5800,100,222,458,0.4367,0.3600,0.4200,0.4800,100,9,69,0.2835,0.2700,0.2800,0.2900,100,0,1,0.2929,0.2200,0.2900,0.3400,100,623,793,0.3542,0.3000,0.3500,0.3700,100,23,68,0.2800,0.2100,0.2700,0.3000,100,631,1020,0.2530,0.1200,0.1900,0.3000,100,177,1040,0.5367,0.4700,0.5600,0.5800,100,69,131,0.4415,0.3800,0.4500,0.4700,100,1015,15622
sympy,atelier_sessions,,,,,,,,,,,,,,,,,,,,,,,,,,,,,,,,,,,,,,,,,,,,,,,,,,,,,,,,,,,,,,,,,,,,,,,,,,,,,
linux,definition,1.0000,1.0000,1.0000,1.0000,100,484,2806,1.0000,1.0000,1.0000,1.0000,100,445,2788,1.0000,1.0000,1.0000,1.0000,100,591,2713,0.6079,0.5800,0.6300,0.6300,100,161,384,0.7900,0.7900,0.7900,0.7900,100,0,1,0.2308,0.2100,0.2300,0.2500,100,3214,7510,0.6802,0.5900,0.6600,0.7400,100,45,74,0.7217,0.6300,0.7600,0.7900,100,582,1618,0.0362,0.0200,0.0300,0.0300,100,545,4655,0.7914,0.7400,0.8300,0.8400,100,670,1021,0.6258,0.5800,0.6600,0.6600,100,5428,480011
linux,content,1.0000,1.0000,1.0000,1.0000,100,484,2806,1.0000,1.0000,1.0000,1.0000,100,445,2788,1.0000,1.0000,1.0000,1.0000,100,591,2713,0.0000,0.0000,0.0000,0.0000,100,161,384,0.0000,0.0000,0.0000,0.0000,100,0,1,0.1700,0.1700,0.1700,0.1700,100,3214,7510,1.0000,1.0000,1.0000,1.0000,100,45,74,0.6783,0.6700,0.6800,0.6900,100,582,1618,0.1000,0.1000,0.1000,0.1000,100,545,4655,0.6900,0.6900,0.6900,0.6900,100,670,1021,0.9900,0.9900,0.9900,0.9900,100,5428,480011
linux,qwen_semantic,0.0693,0.0615,0.0692,0.0692,130,484,2806,0.0693,0.0615,0.0692,0.0692,130,445,2788,0.0693,0.0615,0.0692,0.0692,130,591,2713,0.0026,0.0000,0.0000,0.0000,130,161,384,0.0000,0.0000,0.0000,0.0000,130,0,1,0.0000,0.0000,0.0000,0.0000,130,3214,7510,0.0000,0.0000,0.0000,0.0000,130,45,74,0.0000,0.0000,0.0000,0.0000,130,582,1618,0.0000,0.0000,0.0000,0.0000,130,545,4655,0.2028,0.1231,0.2000,0.2923,130,670,1021,0.0000,0.0000,0.0000,0.0000,130,5428,480011
linux,swebench,0.0417,0.0300,0.0400,0.0600,100,484,2806,0.0417,0.0300,0.0400,0.0600,100,445,2788,0.0417,0.0300,0.0400,0.0600,100,591,2713,0.0177,0.0000,0.0159,0.0317,63,161,384,0.0000,0.0000,0.0000,0.0000,63,0,1,0.0318,0.0317,0.0317,0.0317,63,3214,7510,0.0317,0.0317,0.0317,0.0317,63,45,74,0.0159,0.0000,0.0000,0.0159,63,582,1618,0.0091,0.0000,0.0000,0.0159,63,545,4655,0.0739,0.0317,0.0635,0.0794,63,670,1021,0.0223,0.0159,0.0159,0.0317,63,5428,480011
linux,atelier_sessions,,,,,,,,,,,,,,,,,,,,,,,,,,,,,,,,,,,,,,,,,,,,,,,,,,,,,,,,,,,,,,,,,,,,,,,,,,,,,
